{
    "name": "",
    "auth": true,
    "username": "plex",
    "password": "33449a17f325d04d86acfa00452b372c90742df5f9a10fee21673d9f384ab4bf536bce786034205b6496b559cece641f461c84df6a4eff220d1e66de09a29bde",
    "algo": "sha512WithRSAEncryption",
    "editor": "edward",
    "packer": "tar",
    "diff": true,
    "zip": true,
    "localStorage": true,
    "buffer": true,
    "dirStorage": false,
    "online": true,
    "open": false,
    "cache": true,
    "keysPanel": true,
    "port": 8000,
    "ip": null,
    "root": "/SERVER",
    "prefix": "",
    "progress": true,
    "htmlDialogs": true,
    "contact": true,
    "confirmCopy": true,
    "confirmMove": true,
    "configDialog": true,
    "onePanelMode": false,
    "console": true,
    "syncConsolePath": false,
    "terminal": "true",
    "terminalPath": "gritty",
    "showConfig": false,
    "vim": false,
    "columns": "name-size-date-owner-mode"
}
